<?xml version="1.0" ?>
<LOG_ROOT>
	<PROJECT NAME="ghrd_5astfd5k3">
		<CBX_INST_ENTRY INSTANCE_NAME="|ghrd_5astfd5k3_top|ghrd_5astfd5k3:soc_inst|ghrd_5astfd5k3_hps_0:hps_0|ghrd_5astfd5k3_hps_0_hps_io:hps_io|ghrd_5astfd5k3_hps_0_hps_io_border:border|hps_sdram:hps_sdram_inst|hps_sdram_p0:p0|hps_sdram_p0_acv_hard_memphy:umemphy|hps_sdram_p0_acv_hard_io_pads:uio_pads|hps_sdram_p0_acv_hard_addr_cmd_pads:uaddr_cmd_pads|altddio_out:clock_gen[0].umem_ck_pad" CBX_FILE_NAME="ddio_out_0ke.tdf"/>
		<CBX_INST_ENTRY INSTANCE_NAME="|ghrd_5astfd5k3_top|sld_signaltap:auto_signaltap_0|sld_signaltap_impl:sld_signaltap_body|sld_signaltap_implb:sld_signaltap_body|altdpram:\stp_non_zero_ram_gen:attribute_mem_gen:attribute_mem|lpm_decode:wdecoder" CBX_FILE_NAME="decode_1hf.tdf"/>
		<CBX_INST_ENTRY INSTANCE_NAME="|ghrd_5astfd5k3_top|sld_signaltap:auto_signaltap_0|sld_signaltap_impl:sld_signaltap_body|sld_signaltap_implb:sld_signaltap_body|sld_offload_buffer_mgr:\stp_non_zero_depth_offload_gen:stp_offload_buff_mgr_inst|LPM_COUNTER:status_read_pointer_counter" CBX_FILE_NAME="cntr_mki.tdf"/>
		<CBX_INST_ENTRY INSTANCE_NAME="|ghrd_5astfd5k3_top|ghrd_5astfd5k3:soc_inst|ghrd_5astfd5k3_jtag_uart:jtag_uart|ghrd_5astfd5k3_jtag_uart_scfifo_w:the_ghrd_5astfd5k3_jtag_uart_scfifo_w|scfifo:wfifo" CBX_FILE_NAME="scfifo_5r81.tdf"/>
		<CBX_INST_ENTRY INSTANCE_NAME="|ghrd_5astfd5k3_top|ghrd_5astfd5k3:soc_inst|ghrd_5astfd5k3_jtag_uart:jtag_uart|ghrd_5astfd5k3_jtag_uart_scfifo_r:the_ghrd_5astfd5k3_jtag_uart_scfifo_r|scfifo:rfifo" CBX_FILE_NAME="scfifo_5r81.tdf"/>
		<CBX_INST_ENTRY INSTANCE_NAME="|ghrd_5astfd5k3_top|ghrd_5astfd5k3:soc_inst|ghrd_5astfd5k3_onchip_memory2_0:onchip_memory2_0|altsyncram:the_altsyncram" CBX_FILE_NAME="altsyncram_mkj1.tdf"/>
		<CBX_INST_ENTRY INSTANCE_NAME="|ghrd_5astfd5k3_top|sld_signaltap:auto_signaltap_0|sld_signaltap_impl:sld_signaltap_body|sld_signaltap_implb:sld_signaltap_body|sld_offload_buffer_mgr:\stp_non_zero_depth_offload_gen:stp_offload_buff_mgr_inst|LPM_COUNTER:read_pointer_counter" CBX_FILE_NAME="cntr_6oi.tdf"/>
		<CBX_INST_ENTRY INSTANCE_NAME="|ghrd_5astfd5k3_top|sld_signaltap:auto_signaltap_0|sld_signaltap_impl:sld_signaltap_body|sld_signaltap_implb:sld_signaltap_body|altsyncram:\stp_non_zero_ram_gen:stp_buffer_ram" CBX_FILE_NAME="altsyncram_ot74.tdf"/>
		<CBX_INST_ENTRY INSTANCE_NAME="|ghrd_5astfd5k3_top|ghrd_5astfd5k3:soc_inst|ghrd_5astfd5k3_hps_only_master:hps_only_master|altera_avalon_sc_fifo:fifo|altsyncram:mem_rtl_0" CBX_FILE_NAME="altsyncram_ipm1.tdf"/>
		<CBX_INST_ENTRY INSTANCE_NAME="|ghrd_5astfd5k3_top|sld_signaltap:auto_signaltap_0|sld_signaltap_impl:sld_signaltap_body|sld_signaltap_implb:sld_signaltap_body|altdpram:\stp_non_zero_ram_gen:attribute_mem_gen:attribute_mem|lpm_mux:mux" CBX_FILE_NAME="mux_gec.tdf"/>
		<CBX_INST_ENTRY INSTANCE_NAME="|ghrd_5astfd5k3_top|sld_signaltap:auto_signaltap_0|sld_signaltap_impl:sld_signaltap_body|sld_signaltap_implb:sld_signaltap_body|sld_offload_buffer_mgr:\stp_non_zero_depth_offload_gen:stp_offload_buff_mgr_inst|LPM_COUNTER:\adv_point_3_and_more:advance_pointer_counter" CBX_FILE_NAME="cntr_v1i.tdf"/>
		<CBX_INST_ENTRY INSTANCE_NAME="|ghrd_5astfd5k3_top|ghrd_5astfd5k3:soc_inst|ghrd_5astfd5k3_hps_only_master:fpga_only_master|altera_avalon_sc_fifo:fifo|altsyncram:mem_rtl_0" CBX_FILE_NAME="altsyncram_ipm1.tdf"/>
		<CBX_INST_ENTRY INSTANCE_NAME="|ghrd_5astfd5k3_top|sld_signaltap:auto_signaltap_0|sld_signaltap_impl:sld_signaltap_body|sld_signaltap_implb:sld_signaltap_body|sld_offload_buffer_mgr:\stp_non_zero_depth_offload_gen:stp_offload_buff_mgr_inst|LPM_COUNTER:status_advance_pointer_counter" CBX_FILE_NAME="cntr_22i.tdf"/>
		<CBX_INST_ENTRY INSTANCE_NAME="|ghrd_5astfd5k3_top|ghrd_5astfd5k3:soc_inst|ghrd_5astfd5k3_hps_only_master:f2sdram_only_master|altera_avalon_sc_fifo:fifo|altsyncram:mem_rtl_0" CBX_FILE_NAME="altsyncram_ipm1.tdf"/>
	</PROJECT>
</LOG_ROOT>
