<BoardInfo pov="hps_0_arm_a9_0">
<!--
This file is intended to be used when building device trees 
for the Altera Arria5 SOC Development Kits. 
This board info file and hps_clock_info.xml are required input
to sopc2dts to create a device tree suitable for the 3.9 version
of the Linux kernel.  One typically executes sopc2dts as follows:

	sopc2dts -i soc_system.sopcinfo -b soc_system_board_info.xml
		-b hps_clock_info.xml -o soc_system.dts 


-->
<DTAppend name="model" type="string" parentlabel="" val="Altera SOCFPGA Arria V"/>
<DTAppend name="compatible" parentlabel="" >
	<val type="string">altr,socfpga-arria5</val>
	<val type="string">altr,socfpga</val>
</DTAppend>

<DTAppend name="n25q512a@0" type="node" parentlabel="hps_0_qspi" newlabel="flash0"/>


<DTAppend name="compatible" type="string" parentlabel="flash0" val="n25q512a"/>


<DTAppend name="partition@qspi-boot" type="node" parentlabel="flash0" newlabel="part0"/>
<DTAppend name="label" type="string" parentlabel="part0" val="Flash 0 Raw Data"/>
<DTAppend name="reg" parentlabel="part0" >
<val type="hex">0x0</val>
<val type="hex">0x800000</val>
</DTAppend>
<DTAppend name="partition@qspi-rootfs" type="node" parentlabel="flash0" newlabel="part1"/>
<DTAppend name="label" type="string" parentlabel="part1" val="Flash 1 jffs2 Filesystem"/>
<DTAppend name="reg" parentlabel="part1">
<val type="hex">0x800000</val>
<val type="hex">0x3800000</val>
</DTAppend>

</BoardInfo>
